{
    "rotation_matrix": [
        [
            -0.0028852409554300795,
            -0.4103581110801612,
            -0.9119198956352204
        ],
        [
            -0.021307455442361678,
            -0.9116914281012773,
            0.4103227172229505
        ],
        [
            -0.9997688071385309,
            0.02061457245192555,
            -0.00611323772018002
        ]
    ],
    "translation_vector": [
        0.20867005826878543,
        0.06924901013468078,
        -0.1382800643415935
    ],
    "quaternion": {
        "x": 0.691903068512134,
        "y": -0.15597039027835757,
        "z": -0.6907357366128756,
        "w": -0.14081023863973172
    },
    "euler_angles_deg": {
        "rx": 106.51768834943498,
        "ry": 88.76793617054894,
        "rz": -97.71151313078573
    },
    "position": {
        "x": 0.20867005826878543,
        "y": 0.06924901013468078,
        "z": -0.1382800643415935
    },
    "calibration_type": "eye_to_hand",
    "method": "TSAI",
    "camera_matrix": [
        [
            885.0955962078872,
            0.0,
            645.2341979567428
        ],
        [
            0.0,
            881.5758772794923,
            375.7395828883988
        ],
        [
            0.0,
            0.0,
            1.0
        ]
    ],
    "dist_coeffs": [
        0.11195130835627959,
        -0.32655436133469323,
        0.0014690669361950004,
        0.0008680643591729827,
        0.2744010686174522
    ],
    "checkerboard": {
        "corner_point_long": 7,
        "corner_point_short": 10,
        "corner_point_size": 0.015,
        "unit": "meters"
    }
}