{
    "rotation_matrix": [
        [
            -0.014550991917824385,
            0.9998557373489338,
            0.008762027426758138
        ],
        [
            -0.999888659110922,
            -0.014579338134580233,
            0.003179981276684521
        ],
        [
            0.0033072670847543784,
            -0.008714779972978447,
            0.9999565563535513
        ]
    ],
    "translation_vector": [
        0.05227157440937692,
        0.033385726359695694,
        -0.03661075164193568
    ],
    "homogeneous_matrix": [
        [
            -0.014550991917824385,
            0.9998557373489338,
            0.008762027426758138,
            0.05227157440937692
        ],
        [
            -0.999888659110922,
            -0.014579338134580233,
            0.003179981276684521,
            0.033385726359695694
        ],
        [
            0.0033072670847543784,
            -0.008714779972978447,
            0.9999565563535513,
            -0.03661075164193568
        ],
        [
            0.0,
            0.0,
            0.0,
            1.0
        ]
    ],
    "quaternion": {
        "x": 0.004236444948442776,
        "y": -0.001942770553423474,
        "z": 0.7122301043914733,
        "w": -0.7019305924201384
    },
    "euler_angles_deg": {
        "rx": -0.4993291633077049,
        "ry": -0.1894927911258814,
        "rz": -90.83374440795397
    },
    "position": {
        "x": 0.05227157440937692,
        "y": 0.033385726359695694,
        "z": -0.03661075164193568
    },
    "calibration_type": "eye_in_hand",
    "method": "TSAI",
    "camera_matrix": [
        [
            879.9632349553663,
            0.0,
            655.9639272469154
        ],
        [
            0.0,
            875.9684270503428,
            369.75097290232355
        ],
        [
            0.0,
            0.0,
            1.0
        ]
    ],
    "dist_coeffs": [
        0.09587086134380178,
        -0.18352005093812385,
        0.0001749563190588605,
        0.0011429059706930453,
        -0.07709574574966588
    ],
    "checkerboard": {
        "corner_point_long": 7,
        "corner_point_short": 10,
        "corner_point_size": 0.015,
        "unit": "meters"
    }
}
