{
    "rotation_matrix": [
        [
            0.9538465805219423,
            -0.10425740487690273,
            0.28161515292137873
        ],
        [
            -0.3002911091157808,
            -0.3267951040044612,
            0.8961195287375048
        ],
        [
            -0.0013966433375111331,
            -0.9393270748397744,
            -0.3430199642299858
        ]
    ],
    "translation_vector": [
        -0.489098293761205,
        -0.36636357399246033,
        0.557934395754513
    ],
    "quaternion": {
        "x": 0.8098860488915075,
        "y": -0.12487822038248152,
        "z": 0.08649936307935024,
        "w": -0.5665755713687927
    },
    "euler_angles_deg": {
        "rx": -110.06099420157535,
        "ry": 0.08002179473972876,
        "rz": -17.475106237720784
    },
    "position": {
        "x": -0.489098293761205,
        "y": -0.36636357399246033,
        "z": 0.557934395754513
    },
    "calibration_type": "eye_to_hand",
    "method": "TSAI",
    "camera_matrix": [
        [
            889.4143984464959,
            0.0,
            650.6957150631441
        ],
        [
            0.0,
            886.5749924094894,
            346.4253430183319
        ],
        [
            0.0,
            0.0,
            1.0
        ]
    ],
    "dist_coeffs": [
        0.10706576906440851,
        -0.344526034389371,
        -0.007540927194123779,
        -0.001838989492937521,
        0.2816630313077885
    ],
    "checkerboard": {
        "corner_point_long": 7,
        "corner_point_short": 10,
        "corner_point_size": 0.015,
        "unit": "meters"
    }
}